[null,{"name":"Codewords1","permissions":"NONE","permissions2":"NONE","restriction":"0","_id":"bZvQL","actions":[{"channel":"1","varName":"","message":"**General Terms**\nMade Ham - Made Man (Official member of the Ham Mafia - soldier rank) Requirements: Must have a ham shank and \"| Ham Mafia |\" at the end of their name.\n\nWise Guy - Ham Mafia Member \nWise Guy Definition #2 - The @𝒲𝐼𝒮𝐸 𝒢𝒰𝒴 role\n\nHamfella - Ham Mafia Associate+ \n\nBoss - Ham mafia higherup, usually Capo+\n\nWhack/Whacked - To kill or to be killed, ban or be banned, by the Ham Mafia\nClipped - Same definition as whacked\nDinner Reservation - Funeral arrangement \n\nPinched - To be caught breaking the Ham Mafia code of conduct \n\nBumped - To be promoted in the Ham Mafia \nex. \"Did you hear? I got bumped up to Captain\" \n\nBusted - Caught doing a shameless act\nex. \"Just got caught nuking the Pan Militia. UH, BUSTED!\" \n\nBreaking Balls - To tease or troll somebody \nex. \"Ohhhhh, relax, we're just breaking balls.\" \n\nBusting Balls - To give somebody a hard time\nex. \"What are you busting my balls for, I didn't do anything wrong.\" \n\nTribute/Tax - A \"donation\" to the Ham Mafia, either in the form of virtual items or cash \n\nAn Offer you Can't Refuse - A ham shank in exchange for one's loyalty\nAn Offer you Can't Refuse Definition #2 - A job that if not complete, will lead to undesirable consequences \n\n","buttons":[],"selectMenus":[],"attachments":[],"embeds":[],"reply":true,"ephemeral":false,"tts":false,"overwrite":false,"dontSend":false,"editMessage":"0","editMessageVarName":"","storage":"0","varName2":"","name":"Send Message"}],"comType":"4","description":"Tells the person using this the HM Codewords."},{"name":"UserInfo","permissions":"NONE","permissions2":"NONE","restriction":"1","_id":"sPkam","actions":[{"member":"5","varName":"user","info":"2","storage":"1","varName2":"user_username","name":"Store Member Info"},{"member":"5","varName":"user","info":"3","storage":"1","varName2":"user_displayname","name":"Store Member Info"},{"member":"5","varName":"user","info":"4","storage":"1","varName2":"user_color","name":"Store Member Info"},{"member":"5","varName":"user","info":"16","storage":"1","varName2":"user_avatar","name":"Store Member Info"},{"member":"5","varName":"user","info":"22","storage":"1","varName2":"user_timestamp","name":"Store Member Info"},{"channel":"0","varName":"","message":"__${tempVars(\"user_displayname\")}__\n```\nUsername: ${tempVars(\"user_username\")}\nColor:    ${tempVars(\"user_color\")}\nCreated:  ${tempVars(\"user_timestamp\")}\n```","buttons":[],"selectMenus":[],"reply":true,"ephemeral":false,"tts":false,"file":"${tempVars(\"user_avatar\")}","storage":"0","varName2":"","name":"Send Message"}],"comType":"4","description":"Prints information about the chosen user.","parameters":[{"name":"user","description":"The user to get info from!","type":"USER","required":true,"choices":null}]},{"name":"Codewords2","permissions":"NONE","permissions2":"NONE","restriction":"0","_id":"LJgWu","actions":[{"channel":"1","varName":"","message":"**Fronts**\nThe Hamily Business/ The Hamily / The Hampire / The Organization / The Hammy House - The Ham Mafia\n\nFront - Any entity that is controlled or set up by the Ham Mafia\n\nSocial Club - The Ham Mafia's Team Fortress 2 Server. IP: hammafia.game.nfoservers.com:27015\nex. \"The panhandlers are on Social Club, send in the convoy?\" \n\nBlockwalk Hampire -  The Ham Mafia's Official Minecraft Server Event IP: https://discord.gg/xDGT6ybrFV\nex. \"What's coming first, the Heavy update or Blockwalk Hampire Season III?\"\n\nEMC/ElytraMC - A Minecraft minigame server in development that is backed by the Ham Mafia, created to rival Hypixel and Mineplex \n\nHollywood/The YT - https://www.youtube.com/channel/UCxOy-_HoWUkpiXGmUG4rNqA\n\nThe Treasury - The Ham Mafia Patreon (https://www.patreon.com/hammafia) [Go buy it!]\n\n**In-Game Items**\nShank - Ham Shank\n\nSteamed Shank - Genuine Ham Shank\n\nFattened Shank - Killstreak or Specialized Killstreak Ham Shank \n\nHoodlum Shank - Genuine Professional Killstreak Ham Shank\n\nAuthentic Shank - Ham Shank crafted and named by a Ham Mafia Boss\n\nKiller Exclusive - The iconic hat of the Ham Mafia\n\nYule Hog - The second iconic hat of the Ham Mafia\n\n","buttons":[],"selectMenus":[],"attachments":[],"embeds":[],"reply":true,"ephemeral":false,"tts":false,"overwrite":false,"dontSend":false,"editMessage":"0","editMessageVarName":"","storage":"0","varName2":"","name":"Send Message"}],"comType":"4","description":"Tells the person using this the HM Codewords."},{"name":"Codewords3","permissions":"NONE","permissions2":"NONE","restriction":"0","_id":"kkonC","actions":[{"channel":"1","varName":"","message":"**Economic Terms**\nCirculation - The Ham Mafia's ham and loaning surplus.\n\nStock - Total number of items owned, of a certain item \n\nBoxes of Ziti - Mann Co. Keys \n\nShank Shekel/Hamcoin - Ham shank stock \n\nDump it - Deflating the price of either the ham shank or the frying pan through various Ham Mafia economic strategies\n\nBump it - To buy out all the ham shanks in the TF2 market at once to temporary increase the price of the ham shank\n\nHam Quotient - The percentage of the total # of ham shanks owned by the Ham Mafia versus the total that exists of all time \n\n\nPotency - The inflated price of the ham shank on marketplace.tf as opposed to backpack.tf \nHamcession - When the price of the ham shank crashes, allowing the Ham Mafia to buy them all out\n\nHam Velocity - The rate at which the Ham Mafia buys ham shanks as opposed to the rate the bots can put up sell orders \nHam Acceleration - The rate at which the Ham Mafia buys ham shanks as opposed to the rate the bots can put up buy orders\n","buttons":[],"selectMenus":[],"attachments":[],"embeds":[],"reply":true,"ephemeral":false,"tts":false,"overwrite":false,"dontSend":false,"editMessage":"0","editMessageVarName":"","storage":"0","varName2":"","name":"Send Message"}],"comType":"4","description":"Tells the person using this the HM Codewords."},{"name":"Codewords4","permissions":"NONE","permissions2":"NONE","restriction":"0","_id":"FNedM","actions":[{"channel":"1","varName":"","message":"**Off Colored Remarks**\nLeaky Pipe - A rat whose been feeding Ham Mafia exclusive information off-site\n\nShit the Bed - To fuck up irreversibly\n\nPanhandler - A frying pan user\nPanhandler Definition #2 - A person who stops people in the street and begs for change\n\nPan Shillitia - The Pan Militia\n\nIron Demoshites - The Iron Demoknights\n\nLampshade - Nightlight, a group that used to be dedicated towards combating cheaters but now just loses sleep over whatever the fuck Ham Mafia's doing\n\nGoodship Lolipop - A crew led by a disgraced Caporegime\n\nShinebox - A box containing shoeshine and polishing equipment, often paired with a panhandler insult\n\nCrying Pan - A pan user doped up on copium\n\nRusty Dusty Meme Unclean - The frying pan from Team Fortress 2 \n\nNo Skill Skillet - The frying pan from Team Fortress 2\n\nGlorified Crew - A term often used to describe the Pan Militia or the Iron Demoknights to emphasize they are not really an empire, and just a group with a couple active people.\n\nPygmy Thing - A splinter group that is laughably small in comparison to the Ham Mafia \n\nPotatard - Potato Industries member\n\nFlag Salutin' Muddafuckah - A phrase used to describe an individual who believes they can one man army against the Mafia \nFlag Salutin' Muddafuckah Definition #2 - An individual or Ham Mafia associate/member that has a tremendous hardon for peace, diplomacy, or the Mafia being nice guys","buttons":[],"selectMenus":[],"attachments":[],"embeds":[],"reply":true,"ephemeral":false,"tts":false,"overwrite":false,"dontSend":false,"editMessage":"0","editMessageVarName":"","storage":"0","varName2":"","name":"Send Message"}],"comType":"4","description":"Tells the person using this the HM Codewords."},{"name":"Nuke","permissions":"EMBED_LINKS","permissions2":"NONE","restriction":"1","_id":"gIbZr","actions":[{"channel":"0","varName":"","message":"","buttons":[],"selectMenus":[],"attachments":[],"embeds":[{"title":"Whoa...","url":"","color":"","timestamp":"false","imageUrl":"https://c.tenor.com/qmSIzc-H7vIAAAAC/1984.gif","thumbUrl":"","description":"","fields":[],"author":"","authorUrl":"","authorIcon":"","footerText":"The Ham Mafia is in NO WAY affiliated with the nuking of other servers.","footerIconUrl":""}],"reply":true,"ephemeral":false,"tts":false,"overwrite":false,"dontSend":false,"editMessage":"0","editMessageVarName":"","storage":"0","varName2":"","name":"Send Message"}],"comType":"1","description":"Posts a gif when someone says nuke"},{"name":"Invite","permissions":"NONE","permissions2":"NONE","restriction":"0","_id":"wuNNQ","actions":[{"channel":"0","varName":"","message":"{\"name\":\"invite\",\"permissions\":\"NONE\",\"restriction\":\"1\",\"actions\":[{\"channel\":\"0\",\"varName\":\"\",\"maxUses\":\"\",\"lifetime\":\"\",\"tempInvite\":\"false\",\"unique\":\"true\",\"storage\":\"1\",\"varName2\":\"invite\",\"name\":\"Create Invite\"},{\"channel\":\"0\",\"varName\":\"\",\"message\":\"invite link ${tempVars(\\\"invite\\\")}\",\"storage\":\"0\",\"varName2\":\"\",\"name\":\"Send Message\"},{\"storage\":\"0\",\"varName\":\"\",\"name\":\"Delete Message\"}]}","buttons":[],"selectMenus":[],"attachments":[],"embeds":[],"reply":true,"ephemeral":false,"tts":false,"overwrite":false,"dontSend":false,"editMessage":"0","editMessageVarName":"","storage":"0","varName2":"","name":"Send Message"}],"comType":"4","description":"Makes an invite link"},{"name":"Links","permissions":"NONE","permissions2":"NONE","restriction":"0","_id":"emEOb","actions":[{"channel":"1","varName":"","message":"**Important Links**\nBlockwalk Hampire - https://discord.gg/xDGT6ybrFV\n\nPatreon - https://www.patreon.com/hammafia\n\nYouTube Channel - https://www.youtube.com/channel/UCxOy-_HoWUkpiXGmUG4rNqA/featured\n\nTF2 Loading Screen - https://drive.google.com/file/d/1lqFSURwRh_lv23KxZquWHjqJ0h6JfwIT/view?usp=sharing\n\nDiscord Themes - https://hmdt.carrd.co/\n\nMC Texture Pack Season 1 - https://drive.google.com/file/d/1UNfmDW_Nth1cTHrP7nFGcJJvOVC4V3BW/view\nMC Texture Pack Season 2 - https://drive.google.com/file/d/1yuPOrasIjWXQYWKGb0X_8kiSVouHXyd6/view\n\nOfficial HM Wallpaper Engine Wallpapers - \nhttps://steamcommunity.com/sharedfiles/filedetails/?id=1771581824 (\"The Holy Trio\")\nhttps://steamcommunity.com/sharedfiles/filedetails/?id=1877441043 (\"The Boss Room\")\nhttps://steamcommunity.com/sharedfiles/filedetails/?id=1877476258 (\"The Enforcer\") \n\nSteam Thread to get your ham - https://steamcommunity.com/groups/ham_mafia/discussions/3/2479690531130900100/","buttons":[],"selectMenus":[],"attachments":[],"embeds":[],"reply":true,"ephemeral":false,"tts":false,"overwrite":false,"dontSend":false,"editMessage":"0","editMessageVarName":"","storage":"0","varName2":"","name":"Send Message"}],"comType":"4","description":"Tells the person using this the HM Links."},{"name":"Info","permissions":"NONE","permissions2":"NONE","restriction":"1","_id":"eDiuw","actions":[{"channel":"0","varName":"","message":"**The Porkfather** Also known as Porky 2.0\nA bot made specifically for The Ham Mafia.\nMade by Berri#2409\n","buttons":[],"selectMenus":[],"attachments":[],"embeds":[],"reply":true,"ephemeral":false,"tts":false,"overwrite":false,"dontSend":false,"editMessage":"0","editMessageVarName":"","storage":"0","varName2":"","name":"Send Message"}],"comType":"4","description":"Tells you info about this bot."}]