[null,{"name":"Memberjoin","temp":"User","event-type":"6","_id":"xejJt","actions":[{"channel":"4","varName":"945239314810417172","message":"  ","buttons":[],"selectMenus":[],"attachments":[],"embeds":[{"title":"OH! Roll the Red Carpet!","url":"","color":"800080","timestamp":"false","imageUrl":"https://s10.gifyu.com/images/ezgif-3-9b13ce9655.gif","thumbUrl":"","description":"${tempVars(\"User\")} has blessed us with their prescence. Welcome to the infamous Hamily Business. :wine:","fields":[],"author":"","authorUrl":"","authorIcon":"","footerText":"","footerIconUrl":""}],"reply":true,"ephemeral":false,"tts":false,"overwrite":false,"dontSend":false,"editMessage":"0","editMessageVarName":"","storage":"0","varName2":"","name":"Send Message"},{"user":"2","varName":"User","info":"1","storage":"1","varName2":"UseTag","name":"Store User Info"},{"member":"2","varName":"User","dataName":"Welcome","comparison":"2","value":"2113","branch":{"iftrue":"1","iffalse":"0"},"name":"Check Member Data"},{"member":"2","varName":"User","dataName":"Welcome","changeType":"0","value":"2113","name":"Control Member Data"},{"channel":"103","varName":"1018533014692704447","message":"<@&1018533081843515463> ${tempVars(\"User\")} has just joined, be sure to give them a WARM WELCOME.","buttons":[],"selectMenus":[],"attachments":[],"embeds":[],"reply":true,"ephemeral":false,"tts":false,"overwrite":false,"dontSend":false,"editMessage":"1","editMessageVarName":"deleteMessage","storage":"1","varName2":"deleteMessage","name":"Send Message"}]}]